model,macro_precision,macro_recall,macro_f1,weighted_f1,accuracy
linear_svm,0.823983841412627,0.7147135129167587,0.7557573952749652,0.9342168098319943,0.9402560455192034
logistic_regression,0.9641319942611191,0.5535714285714286,0.5781730030721967,0.9015202975835404,0.9288762446657184
naive_bayes,0.9621428571428572,0.5267857142857143,0.5311741094459753,0.8922298758290724,0.9246088193456614
