model,macro_precision,macro_recall,macro_f1,weighted_f1,accuracy
linear_svm,0.8827262984046665,0.7667266650901774,0.812046124141603,0.9458847061345614,0.9503096846846847
logistic_regression,0.9231493934656734,0.6977575589212834,0.762109966257557,0.9353994618086056,0.9452421171171171
naive_bayes,0.9502346465816918,0.658588690144111,0.7234748655614924,0.9271054250092754,0.9410191441441441
