model,macro_precision,macro_recall,macro_f1,weighted_f1,accuracy
linear_svm,0.8716939815050975,0.7602301521159011,0.8038851504896369,0.9434891759203721,0.9480574324324325
logistic_regression,0.9151783137938037,0.6982021900955153,0.7612006274416152,0.9349850758373378,0.9446790540540541
naive_bayes,0.9476269664252018,0.5925613434136807,0.6374236216374111,0.9079809307637602,0.9303209459459459
