model,macro_precision,macro_recall,macro_f1,weighted_f1,accuracy
linear_svm,0.8713600449921575,0.7594009647195494,0.8031742760712013,0.9433073390607047,0.9479166666666666
logistic_regression,0.922770409635464,0.7018265846586174,0.766061683371557,0.9363085348533715,0.9458051801801802
naive_bayes,0.9514470129755104,0.6248227406269682,0.681955870765771,0.9177960913960561,0.935670045045045
