model,macro_precision,macro_recall,macro_f1,weighted_f1,accuracy
linear_svm,0.8694441627105779,0.7592471422307017,0.8024707303750225,0.9430585233594468,0.9476351351351351
logistic_regression,0.9116710120171416,0.7102554448186693,0.7721239933075192,0.9374264120521507,0.9460867117117117
naive_bayes,0.932194930837471,0.6120003734595749,0.6638549494776749,0.9135104497021626,0.9328547297297297
