model,macro_precision,macro_recall,macro_f1,weighted_f1,accuracy
linear_svm,0.7570962922721717,0.6840186643336249,0.7115913611420672,0.8830407519088853,0.8919540229885058
logistic_regression,0.8904538341158059,0.5727617381160688,0.5978639287189473,0.8563786083591236,0.8919540229885058
naive_bayes,0.8418604651162791,0.5357247010790318,0.5363539467909465,0.8376154583996639,0.8827586206896552
