model,macro_precision,macro_recall,macro_f1,weighted_f1,accuracy
linear_svm,0.8977416051104927,0.8158240771477436,0.8510160806817129,0.9566079053808035,0.9589606273395448
logistic_regression,0.9131368799431057,0.7937689833525885,0.8412395508151964,0.954719410609088,0.9582365638405421
naive_bayes,0.9044363447503372,0.7726179365339683,0.8229982571335599,0.9499878961274009,0.9544113227137353
