model,average_precision_negative,roc_auc_negative,negative_prevalence
naive_bayes,0.7799092825167518,0.9585489522990029,0.08367714964889751
logistic_regression,0.8115029894945065,0.9637646621393626,0.08367714964889751
linear_svm,0.8066903644142142,0.9628729015020795,0.08367714964889751
